<?xml version="1.0" encoding="UTF-8"?>
<!DOCTYPE module PUBLIC
        "-//Checkstyle//DTD Checkstyle Configuration 1.3//EN"
        "https://checkstyle.org/dtds/configuration_1_3.dtd">

<module name="Checker">

    <!-- 🔥 Excluir archivos (OpenAPI y generated-sources) -->
    <module name="SuppressionFilter">
        <property name="file" value="checkstyle/suppressions.xml"/>
    </module>

    <!-- Regla global: longitud de línea -->
    <module name="LineLength">
        <property name="max" value="140"/>
    </module>

    <!-- Analizador principal -->
    <module name="TreeWalker">

        <!-- Nombres de clases -->
        <module name="TypeName"/>

        <!-- Nombres de métodos -->
        <module name="MethodName"/>

        <!-- Nombres de variables -->
        <module name="LocalVariableName"/>

        <!-- Imports no usados -->
        <module name="UnusedImports"/>

        <!-- Prohibir imports con * -->
        <module name="AvoidStarImport"/>

        <!-- Indentación -->
        <module name="Indentation">
            <property name="basicOffset" value="4"/>
            <property name="tabWidth" value="4"/>
        </module>
		
		<module name="SuppressionXpathFilter">
			<property name="file" value="checkstyle/suppressions-xpath.xml"/>
		</module>

    </module>

</module>
